{
  "publicPath": "/dist/",
  "all": [
    "0.66820711e8c89c703fd0.js",
    "main.161600d43fac84ce3118.js"
  ],
  "initial": [
    "main.161600d43fac84ce3118.js"
  ],
  "async": [
    "0.66820711e8c89c703fd0.js"
  ],
  "modules": {
    "b949a73a": [
      1
    ],
    "151af68f": [
      1
    ],
    "f166b176": [
      1
    ],
    "05b1eb76": [
      1
    ],
    "05211b2e": [
      1
    ],
    "d1c4fab0": [
      1
    ],
    "2f794948": [
      1
    ],
    "3e8051f8": [
      0
    ],
    "19858be0": [
      0
    ],
    "003805f3": [
      0
    ]
  }
}